"Time (s)","Latitude (°)","Longitude (°)","Height (m)","Velocity (m/s)","Direction (°)","Horizontal Accuracy (m)","Vertical Accuracy (m)"
0.000000000E0,6.505508120E1,2.546548770E1,NaN,NaN,NaN,1.200000000E3,0.000000000E0
9.245943500E-2,6.505750770E1,2.546739670E1,1.721608557E1,NaN,NaN,2.104000092E1,3.552807570E0
3.301691197E0,6.505770527E1,2.546709596E1,5.954326308E1,2.049999952E0,6.059999847E1,1.033655834E1,1.156296062E1
3.687397811E0,6.505770735E1,2.546703343E1,7.101737656E1,1.500000060E-1,2.373000031E2,1.080471039E1,1.231163406E1
4.680265467E0,6.505770175E1,2.546705309E1,7.304850877E1,1.039999962E0,2.926000061E2,7.283543587E0,8.519244194E0
5.679394842E0,6.505769187E1,2.546699334E1,7.218363786E1,1.620000005E0,2.835000000E2,7.755099297E0,8.851126671E0
6.686960102E0,6.505768335E1,2.546695123E1,7.242057500E1,1.259999990E0,2.781000061E2,5.666542530E0,5.632885933E0
7.686697185E0,6.505766371E1,2.546689614E1,6.792796174E1,1.000000000E0,2.533999939E2,5.931981564E0,5.949643612E0
8.676144372E0,6.505765174E1,2.546686078E1,6.715568463E1,1.289999962E0,2.535000000E2,5.590676308E0,5.489086151E0
9.687747861E0,6.505763910E1,2.546682682E1,6.705143771E1,1.559999943E0,2.528999939E2,5.188217640E0,5.008370399E0
1.067496151E1,6.505762520E1,2.546679058E1,6.612706163E1,1.669999957E0,2.536000061E2,4.910822868E0,5.096583366E0
1.168778031E1,6.505760833E1,2.546676786E1,6.328728288E1,1.250000000E0,2.445000000E2,4.647683144E0,5.057174683E0
1.267580927E1,6.505758832E1,2.546676095E1,6.007067601E1,1.179999948E0,2.248000031E2,4.366654873E0,4.815180779E0
1.368105890E1,6.505756563E1,2.546676249E1,5.803455204E1,1.250000000E0,1.941000061E2,4.304560184E0,4.931228161E0
1.469117041E1,6.505754293E1,2.546677339E1,5.561152724E1,1.139999986E0,1.790000000E2,4.448355675E0,5.053573132E0
1.568603307E1,6.505752135E1,2.546678556E1,5.485787471E1,1.169999957E0,1.753999939E2,4.240950108E0,4.895637512E0
1.668912583E1,6.505749936E1,2.546679827E1,5.425351438E1,1.309999943E0,1.746999969E2,4.126036167E0,4.679830074E0
1.767674843E1,6.505747191E1,2.546681659E1,5.260484523E1,1.250000000E0,1.808000031E2,4.114222050E0,4.667956829E0
1.868327551E1,6.505744769E1,2.546682963E1,5.112487544E1,1.210000038E0,1.761999969E2,4.025231361E0,4.525524616E0
1.968153411E1,6.505742678E1,2.546684180E1,4.931250683E1,1.139999986E0,1.830000000E2,3.851804495E0,4.184836864E0
2.069117739E1,6.505740714E1,2.546685398E1,4.821186869E1,1.210000038E0,1.746000061E2,3.790092468E0,4.045777321E0
2.171049661E1,6.505738844E1,2.546687154E1,4.665023224E1,1.210000038E0,1.708000031E2,3.790092468E0,3.848895550E0
2.268843536E1,6.505737170E1,2.546689178E1,4.506210608E1,1.169999957E0,1.613999939E2,3.790092468E0,3.779379129E0
2.368207588E1,6.505735943E1,2.546691896E1,4.370701119E1,1.169999957E0,1.371000061E2,3.790092468E0,3.660260916E0
2.468148832E1,6.505735182E1,2.546695370E1,4.185289190E1,1.149999976E0,1.136999969E2,3.790092468E0,3.498120785E0
2.568379436E1,6.505734550E1,2.546699466E1,3.984960288E1,1.110000014E0,1.194000015E2,3.790092468E0,3.489959002E0
2.669150686E1,6.505734082E1,2.546703599E1,3.875787333E1,1.080000043E0,1.061999969E2,3.790092468E0,3.111232758E0
2.768689900E1,6.505733690E1,2.546707891E1,3.758136582E1,1.100000024E0,1.083000031E2,3.790092468E0,2.903286934E0
2.868833962E1,6.505733373E1,2.546712260E1,3.598377658E1,1.139999986E0,1.150999985E2,3.790092468E0,2.692713737E0
2.969306905E1,6.505733108E1,2.546716466E1,3.598707807E1,1.100000024E0,1.105999985E2,3.790092468E0,2.527900696E0
3.069084811E1,6.505732964E1,2.546720414E1,3.539699502E1,1.149999976E0,9.969999695E1,3.790092468E0,2.594453335E0
3.168823150E1,6.505732617E1,2.546724310E1,3.496584824E1,1.200000048E0,1.171999969E2,3.790092468E0,2.596228361E0
3.269369785E1,6.505732178E1,2.546727742E1,3.451388832E1,9.900000095E-1,1.204000015E2,3.790092468E0,2.500000000E0
3.368943848E1,6.505731446E1,2.546730721E1,3.311612825E1,1.149999976E0,1.313000031E2,3.790092468E0,2.500000000E0
3.468684858E1,6.505730051E1,2.546732476E1,3.132829369E1,1.350000024E0,1.683999939E2,3.790092468E0,2.500000000E0
3.568562546E1,6.505728665E1,2.546733087E1,3.122954476E1,1.179999948E0,1.891000061E2,3.790092468E0,2.500000000E0
3.669229066E1,6.505727035E1,2.546733506E1,2.962512029E1,1.490000010E0,1.841999969E2,3.790092468E0,2.500000000E0
3.768738160E1,6.505725152E1,2.546734223E1,2.821387338E1,1.500000000E0,1.793999939E2,3.790092468E0,2.500000000E0
3.869088795E1,6.505723419E1,2.546734913E1,2.707319471E1,1.309999943E0,1.803999939E2,3.790092468E0,2.500000000E0
3.968098285E1,6.505721595E1,2.546735280E1,2.636653703E1,1.509999990E0,1.856000061E2,3.790092468E0,2.500000000E0
4.068736676E1,6.505719840E1,2.546735675E1,2.573080198E1,1.379999995E0,1.810000000E2,3.790092468E0,2.500000000E0
4.169180222E1,6.505718227E1,2.546736173E1,2.495322079E1,1.330000043E0,1.853000031E2,3.790092468E0,2.500000000E0
4.268895926E1,6.505716557E1,2.546736940E1,2.403605270E1,1.440000057E0,1.766000061E2,3.790092468E0,2.500000000E0
4.368389587E1,6.505714944E1,2.546737753E1,2.351420916E1,1.399999976E0,1.778000031E2,3.790092468E0,2.500000000E0
4.468575868E1,6.505713384E1,2.546738250E1,2.300365657E1,1.370000005E0,1.853999939E2,3.790092468E0,2.500000000E0
4.568801545E1,6.505711757E1,2.546739166E1,2.313055587E1,1.500000000E0,1.688000031E2,3.790092468E0,2.500000000E0
4.669565217E1,6.505710116E1,2.546740345E1,2.264093939E1,1.389999986E0,1.751000061E2,3.790092468E0,2.500000000E0
4.769935738E1,6.505708658E1,2.546741800E1,2.232191578E1,1.379999995E0,1.586999969E2,3.790092468E0,2.500000000E0
4.867988358E1,6.505707221E1,2.546742868E1,2.166005719E1,1.320000052E0,1.818000031E2,3.790092468E0,2.500000000E0
4.968758993E1,6.505705745E1,2.546743108E1,2.135092002E1,1.330000043E0,1.906000061E2,3.790092468E0,2.500000000E0
5.068591498E1,6.505704239E1,2.546744178E1,2.158084636E1,1.490000010E0,1.673000031E2,3.790092468E0,2.500000000E0
5.168055456E1,6.505702783E1,2.546745608E1,2.140610982E1,1.309999943E0,1.663999939E2,3.790092468E0,2.500000000E0
5.270096581E1,6.505701338E1,2.546746594E1,2.044951240E1,1.240000010E0,1.765000000E2,3.790092468E0,2.500000000E0
5.368569040E1,6.505699963E1,2.546747270E1,1.927861995E1,1.179999948E0,1.763000031E2,3.790092468E0,2.500000000E0
5.468925040E1,6.505698380E1,2.546747871E1,1.898907586E1,1.299999952E0,1.808999939E2,3.790092468E0,2.500000000E0
5.568542066E1,6.505696731E1,2.546748318E1,1.872351868E1,1.340000033E0,1.810000000E2,3.790092468E0,2.500000000E0
5.669509873E1,6.505695184E1,2.546748430E1,1.875471367E1,1.330000043E0,1.840000000E2,3.790092468E0,2.500000000E0
5.767889795E1,6.505693741E1,2.546747799E1,1.768367357E1,1.320000052E0,1.976999969E2,3.790092468E0,2.500000000E0
5.869289920E1,6.505692406E1,2.546746895E1,1.774044038E1,1.269999981E0,2.006000061E2,3.790092468E0,2.500000000E0
5.968873935E1,6.505691144E1,2.546745525E1,1.800612975E1,1.389999986E0,2.188999939E2,3.790092468E0,2.500000000E0
6.068087071E1,6.505689699E1,2.546744768E1,1.792642253E1,1.509999990E0,1.903000031E2,3.790092468E0,2.581313610E0
6.168121805E1,6.505688246E1,2.546744363E1,1.836563662E1,1.350000024E0,1.948999939E2,3.790092468E0,2.526820898E0
6.268531461E1,6.505686894E1,2.546743957E1,1.894315599E1,1.350000024E0,1.931999969E2,3.790092468E0,2.584210157E0
6.368201951E1,6.505685559E1,2.546743557E1,1.908476221E1,1.350000024E0,1.941999969E2,3.790092468E0,2.617738962E0
6.468446836E1,6.505684216E1,2.546743710E1,1.852184026E1,1.379999995E0,1.743999939E2,3.790092468E0,2.611240625E0
6.569056268E1,6.505682789E1,2.546743741E1,1.707317631E1,1.389999986E0,1.951000061E2,3.790092468E0,2.918186426E0
6.668889716E1,6.505681343E1,2.546743698E1,1.658996645E1,1.360000014E0,1.866999969E2,3.790092468E0,2.977663040E0
6.768977357E1,6.505679910E1,2.546744416E1,1.544049760E1,1.350000024E0,1.760000000E2,3.790092468E0,2.884333372E0
6.868924680E1,6.505678569E1,2.546745981E1,1.470899807E1,1.309999943E0,1.605000000E2,3.790092468E0,3.020700693E0
6.968885534E1,6.505677270E1,2.546748134E1,1.463472557E1,1.350000024E0,1.470000000E2,3.790092468E0,3.192120314E0
7.069194888E1,6.505676085E1,2.546750431E1,1.439718376E1,1.309999943E0,1.408000031E2,3.790092468E0,3.250564575E0
7.168748904E1,6.505675328E1,2.546753297E1,1.433108868E1,1.149999976E0,1.264000015E2,3.790092468E0,3.266207457E0
7.268336294E1,6.505674851E1,2.546756483E1,1.474723165E1,1.419999957E0,1.046999969E2,3.790092468E0,3.205581665E0
7.369157534E1,6.505674552E1,2.546760007E1,1.453190457E1,1.289999962E0,1.115999985E2,3.790092468E0,3.172246456E0
7.468907190E1,6.505674355E1,2.546763476E1,1.458659658E1,1.259999990E0,1.058000031E2,3.790092468E0,2.978524446E0
7.568625659E1,6.505674382E1,2.546767075E1,1.481603153E1,1.289999962E0,9.519999695E1,3.790092468E0,2.882161140E0
7.669132893E1,6.505674291E1,2.546770334E1,1.419781031E1,1.279999971E0,1.050000000E2,3.790092468E0,2.707573414E0
7.768722643E1,6.505674350E1,2.546773659E1,1.344158811E1,1.309999943E0,9.230000305E1,3.790092468E0,2.568965673E0
7.869213950E1,6.505674623E1,2.546776741E1,1.318432722E1,1.200000048E0,8.300000000E1,3.790092468E0,2.500000000E0
7.968373367E1,6.505675126E1,2.546779665E1,1.262341538E1,1.210000038E0,7.169999695E1,3.790092468E0,2.500000000E0
8.068904815E1,6.505675641E1,2.546782583E1,1.225543562E1,1.289999962E0,7.609999847E1,3.790092468E0,2.500000000E0
8.168896648E1,6.505676212E1,2.546785564E1,1.245306851E1,1.360000014E0,6.459999847E1,3.790092468E0,2.500000000E0
8.268949908E1,6.505677010E1,2.546788209E1,1.220587595E1,1.279999971E0,5.340000153E1,3.790092468E0,2.500000000E0
8.368283028E1,6.505678039E1,2.546790149E1,1.204687755E1,1.279999971E0,3.740000153E1,3.790092468E0,2.500000000E0
8.468904101E1,6.505679162E1,2.546791712E1,1.184179683E1,1.230000019E0,3.379999924E1,3.790092468E0,2.500000000E0
8.569101236E1,6.505680291E1,2.546793298E1,1.203442120E1,1.230000019E0,3.450000000E1,3.790092468E0,2.500000000E0
8.668108330E1,6.505681377E1,2.546794471E1,1.154369568E1,9.800000191E-1,2.310000038E1,3.790092468E0,2.500000000E0
8.769233096E1,6.505682475E1,2.546795956E1,1.111711839E1,1.230000019E0,3.700000000E1,3.790092468E0,2.500000000E0
8.868069080E1,6.505683580E1,2.546797837E1,1.128551221E1,1.210000038E0,3.570000076E1,3.790092468E0,2.500000000E0
8.969831017E1,6.505684567E1,2.546800218E1,1.155778886E1,1.230000019E0,4.829999924E1,3.790092468E0,2.500000000E0
9.068768200E1,6.505685440E1,2.546802846E1,1.143571807E1,1.240000010E0,5.200000000E1,3.790092468E0,2.500000000E0
9.168878752E1,6.505686375E1,2.546805538E1,1.142021450E1,1.340000033E0,4.779999924E1,3.790092468E0,2.500000000E0
9.268155830E1,6.505687327E1,2.546807763E1,1.090373379E1,1.200000048E0,4.159999847E1,3.790092468E0,2.500000000E0
9.369563970E1,6.505688249E1,2.546810057E1,1.049131821E1,1.210000038E0,4.920000076E1,3.790092468E0,2.500000000E0
9.469191773E1,6.505688988E1,2.546812740E1,9.982101998E0,1.220000029E0,6.590000153E1,3.790092468E0,2.500000000E0
9.569412674E1,6.505689690E1,2.546815540E1,1.016764923E1,1.220000029E0,5.920000076E1,3.790092468E0,2.500000000E0
9.669169569E1,6.505690699E1,2.546818226E1,1.035118102E1,1.309999943E0,4.540000153E1,3.790092468E0,2.500000000E0
9.768413668E1,6.505692008E1,2.546820409E1,1.002103924E1,1.370000005E0,2.170000076E1,3.790092468E0,2.661115170E0
9.869927725E1,6.505693152E1,2.546822711E1,9.083415305E0,1.309999943E0,3.800000000E1,3.790092468E0,2.515152216E0
9.969486569E1,6.505694070E1,2.546825700E1,9.159281750E0,1.309999943E0,5.020000076E1,3.790092468E0,2.776302814E0
1.006897769E2,6.505694610E1,2.546829171E1,9.433636486E0,1.320000052E0,6.680000305E1,3.790092468E0,2.796678782E0
1.016785638E2,6.505695027E1,2.546832584E1,9.707076101E0,1.259999990E0,6.329999924E1,3.790092468E0,2.787238359E0
1.026886530E2,6.505695615E1,2.546835689E1,1.014115926E1,1.289999962E0,5.340000153E1,3.790092468E0,2.754148960E0
1.036904994E2,6.505696278E1,2.546838844E1,1.085765186E1,1.279999971E0,5.290000153E1,3.790092468E0,2.803068876E0
1.046884826E2,6.505696725E1,2.546842242E1,1.028746342E1,1.299999952E0,7.059999847E1,3.790092468E0,2.648380041E0
1.056929419E2,6.505697123E1,2.546845282E1,9.273854359E0,1.240000010E0,6.250000000E1,3.790092468E0,2.831135035E0
1.066929374E2,6.505697432E1,2.546847995E1,9.399222338E0,1.100000024E0,8.180000305E1,3.790092468E0,2.915446281E0
1.076819611E2,6.505698357E1,2.546850419E1,1.013579371E1,1.840000033E0,3.290000153E1,3.790092468E0,3.185298920E0
1.086892497E2,6.505699527E1,2.546852173E1,9.727343894E0,1.250000000E0,2.789999962E1,3.828595161E0,3.201622009E0
1.096885415E2,6.505700421E1,2.546853767E1,9.686082455E0,1.330000043E0,2.679999924E1,4.060426235E0,3.544944525E0
1.106933818E2,6.505701346E1,2.546855105E1,9.439437319E0,1.340000033E0,1.360000038E1,4.030264854E0,3.799883604E0
1.116947911E2,6.505702414E1,2.546855922E1,9.323345272E0,1.360000014E0,1.389999962E1,4.104938984E0,4.120475769E0
1.126977507E2,6.505703502E1,2.546856985E1,9.108620603E0,1.350000024E0,1.130000019E1,4.147535801E0,4.598032475E0
1.136874655E2,6.505704573E1,2.546857339E1,7.088170132E0,1.309999943E0,3.525000000E2,4.227527618E0,4.953058243E0
1.146898959E2,6.505705557E1,2.546857054E1,5.167206603E0,1.289999962E0,3.386000061E2,4.258701324E0,5.209238529E0
1.156911665E2,6.505706586E1,2.546856241E1,4.267482564E0,1.330000043E0,3.358999939E2,4.191475868E0,5.342913151E0
1.166985466E2,6.505707667E1,2.546855472E1,4.608542065E0,1.379999995E0,3.438999939E2,4.283300400E0,5.810985565E0
1.176884896E2,6.505708856E1,2.546855130E1,3.329667537E0,1.340000033E0,3.447000122E2,4.241853237E0,6.078916073E0
1.186893334E2,6.505710001E1,2.546854548E1,3.590221627E0,1.360000014E0,3.368999939E2,4.372962952E0,6.427329063E0
1.196887419E2,6.505711280E1,2.546854830E1,5.206855246E0,1.490000010E0,1.000000015E-1,4.277120590E0,6.425186157E0
1.206850635E2,6.505712603E1,2.546855394E1,6.956301505E0,1.379999995E0,4.000000060E-1,4.592696667E0,6.818794250E0
1.216886067E2,6.505713895E1,2.546856218E1,7.553831660E0,1.370000005E0,7.599999905E0,4.601922512E0,7.189954281E0
1.226927012E2,6.505715244E1,2.546856827E1,8.106317420E0,1.340000033E0,3.500000000E0,4.592990398E0,7.205077171E0
1.236878978E2,6.505716626E1,2.546857454E1,9.784413425E0,1.379999995E0,2.299999952E0,4.578660488E0,7.076379776E0
1.246855924E2,6.505718057E1,2.546858219E1,9.529831171E0,1.309999943E0,3.599999905E0,4.599720955E0,7.007529736E0
1.256999814E2,6.505719447E1,2.546858561E1,7.631877032E0,1.340000033E0,3.445000000E2,4.740345478E0,7.123635769E0
1.266870119E2,6.505720790E1,2.546858595E1,8.109838263E0,1.309999943E0,3.431000061E2,4.767251015E0,7.218381882E0
1.276876465E2,6.505722071E1,2.546858403E1,9.393585618E0,1.299999952E0,3.341000061E2,4.827802658E0,7.346226215E0
1.286837871E2,6.505723418E1,2.546858647E1,9.960170110E0,1.330000043E0,3.443999939E2,4.842994213E0,7.385348797E0
1.296893736E2,6.505724685E1,2.546858850E1,9.315451151E0,1.320000052E0,3.286000061E2,4.928405762E0,7.490629196E0
1.306883483E2,6.505726189E1,2.546859603E1,9.461991654E0,1.519999981E0,3.582999878E2,5.303534031E0,7.881158352E0
1.316888894E2,6.505727743E1,2.546861724E1,9.549512459E0,1.440000057E0,2.010000038E1,5.308720589E0,8.117193222E0
1.326875057E2,6.505729147E1,2.546864348E1,1.145618721E1,1.350000024E0,2.710000038E1,5.271205902E0,8.018282890E0
1.336930403E2,6.505730412E1,2.546867290E1,1.185779693E1,1.360000014E0,3.600000000E1,5.400649548E0,8.255069733E0
1.346897247E2,6.505731439E1,2.546870624E1,9.224190690E0,1.289999962E0,5.400000000E1,5.243093014E0,7.990613937E0
1.356929732E2,6.505732510E1,2.546874217E1,1.028559189E1,1.330000043E0,4.700000000E1,5.348812103E0,7.730529785E0
1.366890564E2,6.505733380E1,2.546877954E1,9.733651729E0,1.289999962E0,7.059999847E1,5.157340527E0,7.591472149E0
1.376855438E2,6.505734262E1,2.546881644E1,1.024726323E1,1.370000005E0,5.559999847E1,5.271092415E0,7.453654766E0
1.386876553E2,6.505735149E1,2.546885336E1,1.111152168E1,1.320000052E0,6.490000153E1,4.766754627E0,6.756052494E0
1.396941194E2,6.505735979E1,2.546889068E1,1.242158118E1,1.330000043E0,6.000000000E1,4.736610413E0,6.407171726E0
1.406872114E2,6.505736643E1,2.546892780E1,1.320008612E1,1.379999995E0,7.409999847E1,4.286296844E0,5.794746876E0
1.416980724E2,6.505737267E1,2.546896328E1,1.353126436E1,1.340000033E0,6.819999695E1,4.124699593E0,5.296928883E0
1.426841692E2,6.505737722E1,2.546899602E1,1.298652743E1,1.230000019E0,7.819999695E1,3.987017393E0,4.811924934E0
1.436908181E2,6.505737816E1,2.546902986E1,1.280281493E1,1.350000024E0,8.500000000E1,3.794994593E0,4.159865379E0
1.446875700E2,6.505737959E1,2.546906590E1,1.335689546E1,1.429999948E0,7.850000000E1,3.790092468E0,3.822189808E0
1.456871420E2,6.505738237E1,2.546910249E1,1.437398823E1,1.299999952E0,7.719999695E1,3.790092468E0,3.416479826E0
1.466903417E2,6.505738510E1,2.546913843E1,1.463259707E1,1.399999976E0,8.109999847E1,3.790092468E0,3.104995251E0
1.476794628E2,6.505738720E1,2.546917621E1,1.495175321E1,1.409999967E0,8.659999847E1,3.790092468E0,2.874912024E0
1.486908384E2,6.505738747E1,2.546921664E1,1.494467744E1,1.620000005E0,9.159999847E1,3.790092468E0,2.619943857E0
1.496828919E2,6.505738925E1,2.546925555E1,1.470524008E1,1.490000010E0,7.880000305E1,3.790092468E0,2.500000000E0
1.506928253E2,6.505739098E1,2.546929070E1,1.509849276E1,1.409999967E0,8.750000000E1,3.790092468E0,2.500000000E0
1.516860091E2,6.505739159E1,2.546932453E1,1.513133313E1,1.409999967E0,8.850000000E1,3.790092468E0,2.500000000E0
1.526891757E2,6.505739173E1,2.546935607E1,1.540855819E1,1.299999952E0,8.850000000E1,3.790092468E0,2.500000000E0
1.536897877E2,6.505739258E1,2.546938834E1,1.546465269E1,1.419999957E0,8.869999695E1,3.790092468E0,2.500000000E0
1.546867631E2,6.505739432E1,2.546942113E1,1.570537825E1,1.470000029E0,7.969999695E1,3.790092468E0,2.500000000E0
1.556864738E2,6.505739691E1,2.546945381E1,1.571478024E1,1.419999957E0,8.140000153E1,3.790092468E0,2.500000000E0
1.566973669E2,6.505739919E1,2.546948579E1,1.615063491E1,1.389999986E0,8.500000000E1,3.790092468E0,2.500000000E0
1.576919134E2,6.505740004E1,2.546951941E1,1.597217145E1,1.429999948E0,8.609999847E1,3.790092468E0,2.500000000E0
1.586874142E2,6.505739994E1,2.546955395E1,1.569910396E1,1.529999971E0,9.100000000E1,3.790092468E0,2.500000000E0
1.596834533E2,6.505739977E1,2.546958837E1,1.576307262E1,1.460000038E0,8.569999695E1,3.790092468E0,2.500000000E0
1.606953737E2,6.505740063E1,2.546962070E1,1.596717737E1,1.480000019E0,8.640000153E1,3.790092468E0,2.500000000E0
1.616867337E2,6.505740132E1,2.546965174E1,1.590388703E1,1.509999990E0,8.559999847E1,3.790092468E0,2.500000000E0
1.626905194E2,6.505740208E1,2.546968183E1,1.570412196E1,1.470000029E0,8.690000153E1,3.790092468E0,2.500000000E0
1.636888325E2,6.505740175E1,2.546971257E1,1.558242133E1,1.440000057E0,8.909999847E1,3.790092468E0,2.500000000E0
1.646912984E2,6.505740265E1,2.546974519E1,1.575759544E1,1.419999957E0,8.159999847E1,3.790092468E0,2.500000000E0
1.656907210E2,6.505740267E1,2.546977953E1,1.551925688E1,1.580000043E0,8.550000000E1,3.790092468E0,2.500000000E0
1.666870061E2,6.505740351E1,2.546981464E1,1.563492201E1,1.500000000E0,8.050000000E1,3.790092468E0,2.500000000E0
1.676874436E2,6.505740398E1,2.546984851E1,1.582688109E1,1.440000057E0,8.559999847E1,3.790092468E0,2.500000000E0
1.686840541E2,6.505740507E1,2.546988276E1,1.630601038E1,1.419999957E0,8.390000153E1,3.790092468E0,2.500000000E0
1.696875796E2,6.505740577E1,2.546991682E1,1.624046207E1,1.460000038E0,8.830000305E1,3.790092468E0,2.500000000E0
1.706896878E2,6.505740663E1,2.546995260E1,1.627391290E1,1.460000038E0,8.369999695E1,3.790092468E0,2.500000000E0
1.717087699E2,6.505740912E1,2.546998935E1,1.640801020E1,1.549999952E0,7.790000153E1,3.790092468E0,2.500000000E0
1.726834784E2,6.505741223E1,2.547002641E1,1.644963903E1,1.440000057E0,8.050000000E1,3.790092468E0,2.500000000E0
1.736968656E2,6.505741409E1,2.547006094E1,1.620153417E1,1.370000005E0,8.230000305E1,3.790092468E0,2.500000000E0
1.746831231E2,6.505741566E1,2.547009751E1,1.692993112E1,1.559999943E0,8.230000305E1,3.790092468E0,2.500000000E0
1.756915792E2,6.505741763E1,2.547013297E1,1.728796646E1,1.409999967E0,7.650000000E1,3.790092468E0,2.500000000E0
1.766954167E2,6.505741936E1,2.547016625E1,1.730866034E1,1.399999976E0,7.769999695E1,3.790092468E0,2.500000000E0
1.776947724E2,6.505742145E1,2.547019832E1,1.751551119E1,1.409999967E0,6.530000305E1,3.790092468E0,2.500000000E0
1.786931013E2,6.505742793E1,2.547022521E1,1.784467426E1,1.480000019E0,4.440000153E1,3.790092468E0,2.500000000E0
1.796891812E2,6.505743560E1,2.547024614E1,1.789905595E1,1.360000014E0,4.079999924E1,3.790092468E0,2.500000000E0
1.806883093E2,6.505744389E1,2.547026177E1,1.773639582E1,1.399999976E0,3.909999847E1,3.790092468E0,2.500000000E0
1.816884865E2,6.505745302E1,2.547027426E1,1.799939420E1,1.379999995E0,2.910000038E1,3.790092468E0,2.500000000E0
1.827019593E2,6.505746238E1,2.547028381E1,1.795794882E1,1.379999995E0,2.760000038E1,3.790092468E0,2.500000000E0
1.836827289E2,6.505747159E1,2.547029287E1,1.837823440E1,1.350000024E0,2.629999924E1,3.790092468E0,2.526957273E0
1.846831908E2,6.505748183E1,2.547029755E1,1.849041365E1,1.429999948E0,1.010000038E1,3.790092468E0,2.783882856E0
1.856867389E2,6.505749220E1,2.547030240E1,1.930291024E1,1.399999976E0,1.250000000E1,3.790092468E0,2.944967508E0
1.866951509E2,6.505750314E1,2.547030710E1,2.053526744E1,1.409999967E0,7.900000095E0,3.790092468E0,3.077936411E0
1.876874861E2,6.505751489E1,2.547031037E1,2.078929166E1,1.370000005E0,7.300000191E0,3.790092468E0,3.158812046E0
1.886841777E2,6.505752725E1,2.547031609E1,2.064231494E1,1.529999971E0,1.239999962E1,3.790092468E0,3.091064453E0
1.896834250E2,6.505753938E1,2.547032356E1,2.085306555E1,1.480000019E0,1.019999981E1,3.790092468E0,2.988488436E0
1.906866869E2,6.505755217E1,2.547032823E1,2.065591765E1,1.559999943E0,3.500000000E0,3.790092468E0,2.879770279E0
1.916863019E2,6.505756530E1,2.547033098E1,2.061508045E1,1.539999962E0,1.600000024E0,3.790092468E0,2.802187920E0
1.926798362E2,6.505757792E1,2.547033582E1,2.051925100E1,1.490000010E0,6.300000191E0,3.790092468E0,2.800758600E0
1.936848757E2,6.505759097E1,2.547033968E1,2.046181239E1,1.519999981E0,0.000000000E0,3.790092468E0,2.661736488E0
1.946847128E2,6.505760488E1,2.547034262E1,2.050538654E1,1.590000033E0,1.200000048E0,3.790092468E0,2.665173531E0
1.956887657E2,6.505761904E1,2.547034399E1,2.017096969E1,1.409999967E0,3.550000000E2,3.790092468E0,2.680900574E0
1.966897253E2,6.505763366E1,2.547034619E1,2.013397708E1,1.559999943E0,4.000000060E-1,3.790092468E0,2.689041138E0
1.976884034E2,6.505764959E1,2.547034889E1,2.017388833E1,1.659999967E0,2.200000048E0,3.790092468E0,2.615114450E0
1.986912707E2,6.505766503E1,2.547035210E1,2.043798195E1,1.600000024E0,2.400000095E0,3.790092468E0,2.762492657E0
1.996887917E2,6.505767947E1,2.547035630E1,2.112743005E1,1.480000019E0,6.099999905E0,3.790092468E0,3.178433180E0
2.006862667E2,6.505769479E1,2.547035961E1,2.142899931E1,1.610000014E0,1.700000048E0,3.790092468E0,3.284062862E0
2.016849314E2,6.505771137E1,2.547036101E1,2.175504298E1,1.629999995E0,8.999999762E-1,3.790092468E0,3.158162832E0
2.026886996E2,6.505772747E1,2.547036194E1,2.172616735E1,1.529999971E0,4.000000060E-1,3.790092468E0,3.028136492E0
2.036816491E2,6.505774379E1,2.547036303E1,2.207833413E1,1.669999957E0,3.500000000E0,3.790092468E0,2.923961401E0
2.046970704E2,6.505775929E1,2.547036462E1,2.249074297E1,1.549999952E0,4.099999905E0,3.790092468E0,2.877540827E0
2.056837389E2,6.505777451E1,2.547036348E1,2.262629616E1,1.529999971E0,3.593999939E2,3.790092468E0,2.815256357E0
2.066875741E2,6.505779050E1,2.547036220E1,2.246302091E1,1.690000057E0,2.599999905E0,3.790092468E0,2.597680807E0
2.076854506E2,6.505780653E1,2.547036092E1,2.257617387E1,1.539999962E0,2.000000030E-1,3.790092468E0,2.537227631E0
2.086870872E2,6.505782148E1,2.547035852E1,2.269567478E1,1.500000000E0,3.596000061E2,3.790092468E0,2.519065380E0
2.096866743E2,6.505783627E1,2.547035347E1,2.285081998E1,1.490000010E0,3.562999878E2,3.790092468E0,2.552278280E0
2.107055338E2,6.505785151E1,2.547034866E1,2.306944161E1,1.529999971E0,1.299999952E0,3.790092468E0,2.634949684E0
2.117044979E2,6.505786599E1,2.547034464E1,2.325785120E1,1.480000019E0,0.000000000E0,3.790092468E0,2.636536837E0
2.126879586E2,6.505788118E1,2.547034139E1,2.336801354E1,1.539999962E0,3.000000000E0,3.790092468E0,2.691940546E0
2.136903094E2,6.505789665E1,2.547033553E1,2.360183272E1,1.500000000E0,3.548999939E2,3.790092468E0,2.570868015E0
2.146882109E2,6.505791283E1,2.547032824E1,2.365248497E1,1.539999962E0,3.568999939E2,3.790092468E0,2.634732485E0
2.156934894E2,6.505792848E1,2.547032314E1,2.351325728E1,1.440000057E0,3.556000061E2,3.790092468E0,2.549546957E0
2.166849241E2,6.505794410E1,2.547031755E1,2.351788942E1,1.509999990E0,3.590000000E2,3.790092468E0,2.500000000E0
2.176874276E2,6.505796053E1,2.547031270E1,2.337499935E1,1.570000052E0,3.591000061E2,3.790092468E0,2.500000000E0
2.186952685E2,6.505797643E1,2.547030830E1,2.328575944E1,1.519999981E0,5.000000000E-1,3.790092468E0,2.500000000E0
2.196920250E2,6.505799220E1,2.547030335E1,2.319255224E1,1.519999981E0,3.582000122E2,3.790092468E0,2.500000000E0
2.206892453E2,6.505800799E1,2.547029758E1,2.341392013E1,1.559999943E0,3.591000061E2,3.790092468E0,2.500000000E0
2.216876375E2,6.505802420E1,2.547029313E1,2.347861076E1,1.610000014E0,3.583999939E2,3.790092468E0,2.500000000E0
2.226865846E2,6.505803981E1,2.547029055E1,2.353823590E1,1.529999971E0,6.000000238E-1,3.790092468E0,2.586028576E0
2.236909813E2,6.505805540E1,2.547028947E1,2.355074208E1,1.669999957E0,3.000000119E-1,3.790092468E0,2.500000000E0
2.246886705E2,6.505807062E1,2.547028935E1,2.320344625E1,1.600000024E0,2.000000000E0,3.790092468E0,2.500000000E0
2.256917826E2,6.505808577E1,2.547029004E1,2.308228580E1,1.610000014E0,3.593999939E2,3.790092468E0,2.516377449E0
2.266812878E2,6.505810067E1,2.547028979E1,2.287823959E1,1.629999995E0,3.592999878E2,3.790092468E0,2.510381699E0
2.276889018E2,6.505811535E1,2.547029069E1,2.275793383E1,1.629999995E0,3.590000000E2,3.790092468E0,2.533118010E0
2.286841466E2,6.505812956E1,2.547029123E1,2.248211062E1,1.620000005E0,3.571000061E2,3.790092468E0,2.500000000E0
2.296837232E2,6.505814394E1,2.547029060E1,2.244359192E1,1.649999976E0,3.591000061E2,3.790092468E0,2.500000000E0
2.306793527E2,6.505815781E1,2.547029343E1,2.246171441E1,1.580000043E0,4.099999905E0,3.790092468E0,2.500000000E0
2.317015538E2,6.505817152E1,2.547029810E1,2.261094068E1,1.600000024E0,1.700000048E0,3.790092468E0,2.500000000E0
2.326864359E2,6.505818588E1,2.547030235E1,2.299734927E1,1.690000057E0,2.400000095E0,3.790092468E0,2.500000000E0
2.336897300E2,6.505819969E1,2.547030721E1,2.268624837E1,1.580000043E0,4.000000000E0,3.790092468E0,2.500000000E0
2.346887163E2,6.505821276E1,2.547031279E1,2.243813612E1,1.570000052E0,5.000000000E0,3.790092468E0,2.500000000E0
2.356897598E2,6.505822584E1,2.547031589E1,2.247334878E1,1.549999952E0,1.399999976E0,3.790092468E0,2.500000000E0
2.366855413E2,6.505823908E1,2.547031907E1,2.213075377E1,1.590000033E0,1.399999976E0,3.790092468E0,2.500000000E0
2.376804712E2,6.505825268E1,2.547032471E1,2.209553195E1,1.590000033E0,5.699999809E0,3.790092468E0,2.500000000E0
2.386902177E2,6.505826676E1,2.547033727E1,2.229242740E1,1.580000043E0,2.220000076E1,3.790092468E0,2.500000000E0
2.396883219E2,6.505827715E1,2.547036176E1,2.080524353E1,1.590000033E0,4.300000000E1,3.790092468E0,2.500000000E0
2.406865373E2,6.505828399E1,2.547039298E1,1.987378684E1,1.529999971E0,5.300000000E1,3.790092468E0,2.500000000E0
2.416825476E2,6.505828823E1,2.547042517E1,1.927253144E1,1.500000000E0,6.070000076E1,3.790092468E0,2.500000000E0
2.427014517E2,6.505829071E1,2.547046130E1,1.848109159E1,1.509999990E0,7.059999847E1,3.790092468E0,2.500000000E0
2.436874434E2,6.505829115E1,2.547049801E1,1.742665209E1,1.490000010E0,7.600000000E1,3.790092468E0,2.500000000E0
2.446813843E2,6.505828940E1,2.547053633E1,1.631123947E1,1.480000019E0,8.430000305E1,3.790092468E0,2.500000000E0
2.456916536E2,6.505828758E1,2.547057427E1,1.597982342E1,1.460000038E0,8.509999847E1,3.790092468E0,2.500000000E0
2.466934067E2,6.505828508E1,2.547061007E1,1.717080730E1,1.490000010E0,9.169999695E1,3.790092468E0,2.500000000E0
2.476851742E2,6.505828181E1,2.547064753E1,1.768759732E1,1.500000000E0,9.640000153E1,3.790092468E0,2.625613213E0
2.486807124E2,6.505827937E1,2.547068582E1,1.699967519E1,1.500000000E0,9.309999847E1,3.790092468E0,2.881386757E0
2.496787342E2,6.505827930E1,2.547072481E1,1.691557305E1,1.509999990E0,9.019999695E1,3.790092468E0,3.128378391E0
2.506906654E2,6.505828162E1,2.547076294E1,1.661394061E1,1.509999990E0,8.709999847E1,3.790092468E0,3.287063122E0
2.516831552E2,6.505828400E1,2.547080162E1,1.666680039E1,1.519999981E0,8.719999695E1,3.790092468E0,3.434029341E0
2.526893559E2,6.505828645E1,2.547084023E1,1.672619091E1,1.500000000E0,8.850000000E1,3.790092468E0,3.433252811E0
2.536848557E2,6.505828835E1,2.547088004E1,1.703967112E1,1.529999971E0,8.919999695E1,3.790092468E0,3.347525835E0
2.546874780E2,6.505828993E1,2.547091836E1,1.824664493E1,1.519999981E0,8.819999695E1,3.790092468E0,3.123024464E0
2.556984903E2,6.505829114E1,2.547095690E1,1.799249831E1,1.549999952E0,8.690000153E1,3.790092468E0,2.925852060E0
2.566904260E2,6.505829113E1,2.547099806E1,1.776862588E1,1.559999943E0,9.390000153E1,3.790092468E0,2.931718588E0
2.576927929E2,6.505829059E1,2.547103658E1,1.746107415E1,1.559999943E0,9.169999695E1,3.790092468E0,2.670885563E0
2.587005338E2,6.505829020E1,2.547107441E1,1.754231624E1,1.639999986E0,9.180000305E1,3.790092468E0,2.606899023E0
2.596948398E2,6.505829126E1,2.547111338E1,1.810390459E1,1.570000052E0,8.940000153E1,3.790092468E0,2.618762493E0
2.606920387E2,6.505829238E1,2.547114813E1,1.787130299E1,1.539999962E0,9.050000000E1,3.790092468E0,2.747484684E0
2.616867967E2,6.505829318E1,2.547118327E1,1.808773721E1,1.559999943E0,8.869999695E1,3.790092468E0,2.840740919E0
2.626939750E2,6.505829434E1,2.547121815E1,1.836587780E1,1.529999971E0,8.740000153E1,3.790092468E0,2.908627748E0
2.636853658E2,6.505829678E1,2.547125350E1,1.792990663E1,1.539999962E0,8.700000000E1,3.790092468E0,2.675684214E0
2.646888997E2,6.505829780E1,2.547128804E1,1.798307166E1,1.549999952E0,9.209999847E1,3.790092468E0,2.508982182E0
2.656935468E2,6.505829944E1,2.547132327E1,1.891111445E1,1.509999990E0,9.009999847E1,3.790092468E0,2.500000000E0
2.666937551E2,6.505830061E1,2.547135876E1,1.864341770E1,1.549999952E0,9.109999847E1,3.790092468E0,2.640486002E0
2.676910291E2,6.505830271E1,2.547139490E1,1.939952439E1,1.549999952E0,9.050000000E1,3.790092468E0,2.875489235E0
2.686910299E2,6.505830491E1,2.547143077E1,1.920757192E1,1.519999981E0,8.500000000E1,3.790092468E0,2.689092398E0
2.696937745E2,6.505830598E1,2.547146515E1,1.941619345E1,1.549999952E0,9.059999847E1,3.790092468E0,2.846545219E0
2.706911726E2,6.505830515E1,2.547150292E1,1.877520670E1,1.649999976E0,9.209999847E1,3.790092468E0,2.679994822E0
2.716936023E2,6.505830503E1,2.547153986E1,1.841913169E1,1.549999952E0,8.800000000E1,3.790092468E0,2.662230968E0
2.726873047E2,6.505830407E1,2.547157802E1,1.848749562E1,1.590000033E0,9.659999847E1,3.790092468E0,2.500000000E0
2.736921167E2,6.505830325E1,2.547161374E1,1.853980697E1,1.539999962E0,9.409999847E1,3.790092468E0,2.500000000E0
2.746830443E2,6.505830284E1,2.547164812E1,1.837837291E1,1.580000043E0,9.459999847E1,3.790092468E0,2.508334160E0
2.756930437E2,6.505830242E1,2.547168351E1,1.838429736E1,1.590000033E0,9.880000305E1,3.790092468E0,2.500000000E0
2.766918680E2,6.505830363E1,2.547171932E1,1.868972075E1,1.679999948E0,9.050000000E1,3.790092468E0,2.500000000E0
2.776954188E2,6.505830561E1,2.547175632E1,1.874068842E1,1.570000052E0,9.150000000E1,3.790092468E0,2.500000000E0
2.786939294E2,6.505830479E1,2.547179154E1,1.779470871E1,1.570000052E0,9.619999695E1,3.790092468E0,2.500000000E0
2.796885867E2,6.505830367E1,2.547182591E1,1.847177589E1,1.539999962E0,9.580000305E1,3.790092468E0,2.500000000E0
2.806930263E2,6.505830390E1,2.547186152E1,1.836673820E1,1.649999976E0,9.140000153E1,3.790092468E0,2.500000000E0
2.816906798E2,6.505830299E1,2.547189606E1,1.834733315E1,1.529999971E0,8.950000000E1,3.790092468E0,2.500000000E0
2.826910055E2,6.505830217E1,2.547193056E1,1.798582602E1,1.509999990E0,9.390000153E1,3.790092468E0,2.500000000E0
2.836959862E2,6.505829959E1,2.547196598E1,1.784496174E1,1.549999952E0,1.000000000E2,3.790092468E0,2.500000000E0
2.846930893E2,6.505829618E1,2.547200081E1,1.817876811E1,1.460000038E0,1.068000031E2,3.790092468E0,2.500000000E0
2.856930268E2,6.505829106E1,2.547203467E1,1.763195980E1,1.490000010E0,1.163000031E2,3.790092468E0,2.500000000E0
2.866952787E2,6.505828457E1,2.547206472E1,1.754828634E1,1.460000038E0,1.170000000E2,3.790092468E0,2.500000000E0
2.876854265E2,6.505827958E1,2.547209749E1,1.762104573E1,1.539999962E0,1.074000015E2,3.790092468E0,2.500000000E0
2.886807455E2,6.505827270E1,2.547212660E1,1.731978199E1,1.450000048E0,1.226999969E2,3.790092468E0,2.595735550E0
2.896899934E2,6.505826676E1,2.547215703E1,1.734920651E1,1.529999971E0,1.114000015E2,3.790092468E0,2.852314949E0
2.907000068E2,6.505826147E1,2.547218669E1,1.673617466E1,1.500000000E0,1.120999985E2,3.790092468E0,3.073525429E0
2.916894861E2,6.505825289E1,2.547221359E1,1.494284588E1,1.500000000E0,1.181999969E2,3.790092468E0,3.213402748E0
2.926798642E2,6.505824355E1,2.547223949E1,1.484287666E1,1.490000010E0,1.190999985E2,3.790092468E0,2.819796562E0
2.936838090E2,6.505823419E1,2.547226634E1,1.494798568E1,1.500000000E0,1.159000015E2,3.790092468E0,2.848971367E0
2.946867592E2,6.505822734E1,2.547229501E1,1.434313301E1,1.500000000E0,1.115999985E2,3.790092468E0,2.944235086E0
2.956837639E2,6.505822476E1,2.547232850E1,1.461633102E1,1.620000005E0,9.409999847E1,3.790092468E0,2.588518143E0
2.966885265E2,6.505822293E1,2.547236109E1,1.404443587E1,1.490000010E0,1.035999985E2,3.790092468E0,2.500000000E0
2.976921872E2,6.505822228E1,2.547239249E1,1.422150254E1,1.519999981E0,9.150000000E1,3.790092468E0,2.500000000E0
2.986854278E2,6.505822129E1,2.547242417E1,1.424665287E1,1.519999981E0,9.490000153E1,3.790092468E0,2.500000000E0
2.996829894E2,6.505821947E1,2.547245421E1,1.425770421E1,1.509999990E0,9.540000153E1,3.790092468E0,2.571632147E0
3.007055903E2,6.505821733E1,2.547248552E1,1.417994966E1,1.480000019E0,9.600000000E1,3.790092468E0,2.500000000E0
3.016869856E2,6.505821474E1,2.547251869E1,1.403737615E1,1.519999981E0,9.659999847E1,3.790092468E0,2.616745949E0
3.026842832E2,6.505821113E1,2.547255106E1,1.391909493E1,1.490000010E0,1.024000015E2,3.790092468E0,2.669901371E0
3.036907806E2,6.505820557E1,2.547258077E1,1.379873896E1,1.429999948E0,1.116999969E2,3.790092468E0,2.655907869E0
3.046926626E2,6.505819698E1,2.547260853E1,1.340323743E1,1.539999962E0,1.300000000E2,3.790092468E0,2.677220345E0
3.056883249E2,6.505818469E1,2.547263155E1,1.349778804E1,1.490000010E0,1.458999939E2,3.790092468E0,2.500000000E0
3.066905011E2,6.505817283E1,2.547265207E1,1.334545102E1,1.519999981E0,1.441999969E2,3.790092468E0,2.622773647E0
3.076968391E2,6.505816024E1,2.547266873E1,1.338360457E1,1.509999990E0,1.515000000E2,3.790092468E0,2.592069626E0
3.086856698E2,6.505814641E1,2.547268014E1,1.332202656E1,1.539999962E0,1.585000000E2,3.790092468E0,2.544736385E0
3.096884646E2,6.505813107E1,2.547268673E1,1.273914733E1,1.559999943E0,1.636999969E2,3.790092468E0,2.782793760E0
3.106968823E2,6.505811625E1,2.547269559E1,1.257442000E1,1.539999962E0,1.588999939E2,3.790092468E0,2.777704477E0
3.117001805E2,6.505810132E1,2.547270591E1,1.200210010E1,1.549999952E0,1.611999969E2,3.790092468E0,2.926587105E0
3.126955380E2,6.505808679E1,2.547272087E1,1.199160918E1,1.549999952E0,1.571000061E2,3.790092468E0,3.134244204E0
3.136932728E2,6.505807269E1,2.547273618E1,1.195108883E1,1.529999971E0,1.571999969E2,3.790092468E0,2.906865835E0
3.146797855E2,6.505805955E1,2.547275405E1,1.172471635E1,1.549999952E0,1.491999969E2,3.790092468E0,2.885979891E0
3.156943164E2,6.505804702E1,2.547277356E1,1.197850739E1,1.529999971E0,1.445000000E2,3.790092468E0,2.895912170E0
3.166885383E2,6.505803404E1,2.547279070E1,1.237762305E1,1.549999952E0,1.528999939E2,3.790092468E0,3.016008377E0
3.176893015E2,6.505802038E1,2.547280576E1,1.241229782E1,1.539999962E0,1.528000031E2,3.790092468E0,2.938760996E0
3.186915626E2,6.505800740E1,2.547282266E1,1.297376696E1,1.519999981E0,1.473000031E2,3.790092468E0,2.808311224E0
3.196846625E2,6.505799527E1,2.547284164E1,1.321144451E1,1.529999971E0,1.448000031E2,3.790092468E0,2.664166927E0
3.206879920E2,6.505798502E1,2.547286173E1,1.351192665E1,1.539999962E0,1.376999969E2,3.790092468E0,2.702536345E0
3.216890138E2,6.505797445E1,2.547288009E1,1.385147122E1,1.559999943E0,1.463999939E2,3.790092468E0,2.627307653E0
3.226877090E2,6.505796399E1,2.547289778E1,1.363681646E1,1.529999971E0,1.500000000E2,3.790092468E0,2.674510002E0
3.236985103E2,6.505795330E1,2.547291510E1,1.361808459E1,1.580000043E0,1.478000031E2,3.790092468E0,2.500000000E0
3.246918939E2,6.505794226E1,2.547293542E1,1.358665787E1,1.610000014E0,1.476999969E2,3.790092468E0,2.500000000E0
3.256986844E2,6.505793089E1,2.547295542E1,1.345415702E1,1.529999971E0,1.455000000E2,3.790092468E0,2.500000000E0
3.266883880E2,6.505791912E1,2.547297511E1,1.349890238E1,1.539999962E0,1.491999969E2,3.790092468E0,2.500000000E0
3.276880526E2,6.505790805E1,2.547299587E1,1.369873792E1,1.519999981E0,1.426000061E2,3.790092468E0,2.500000000E0
3.286836894E2,6.505789784E1,2.547301865E1,1.354395911E1,1.509999990E0,1.400000000E2,3.790092468E0,2.500000000E0
3.296815442E2,6.505788950E1,2.547304669E1,1.304671190E1,1.590000033E0,1.226999969E2,3.790092468E0,2.503365517E0
3.306972498E2,6.505788123E1,2.547307573E1,1.311696966E1,1.529999971E0,1.238000031E2,3.790092468E0,2.858885527E0
3.316796303E2,6.505787408E1,2.547310670E1,1.370974917E1,1.490000010E0,1.165000000E2,3.790092468E0,2.852301121E0
3.326866721E2,6.505786905E1,2.547313911E1,1.433121457E1,1.529999971E0,1.105999985E2,3.790092468E0,3.110267878E0
3.336886449E2,6.505786641E1,2.547317559E1,1.450578010E1,1.549999952E0,9.969999695E1,3.790092468E0,3.440399647E0
3.346935795E2,6.505786511E1,2.547321270E1,1.426268162E1,1.529999971E0,1.003000031E2,3.790092468E0,3.573544502E0
3.357122034E2,6.505786394E1,2.547325118E1,1.412224437E1,1.509999990E0,1.000999985E2,3.790092468E0,3.449768305E0
3.366922191E2,6.505786489E1,2.547328905E1,1.386443565E1,1.559999943E0,9.109999847E1,3.790092468E0,3.414953470E0
3.376905420E2,6.505786729E1,2.547332569E1,1.439922879E1,1.539999962E0,8.780000305E1,3.790092468E0,3.555968285E0
3.386925370E2,6.505786887E1,2.547336100E1,1.459771839E1,1.490000010E0,9.609999847E1,3.790092468E0,3.645123005E0
3.396892830E2,6.505787148E1,2.547339959E1,1.566608100E1,1.570000052E0,8.169999695E1,3.790092468E0,3.637690783E0
3.406916358E2,6.505787297E1,2.547343925E1,1.626136065E1,1.500000000E0,8.750000000E1,3.790092468E0,3.426336288E0
3.416766734E2,6.505787445E1,2.547347659E1,1.688355656E1,1.500000000E0,8.000000000E1,3.790092468E0,3.561673880E0
3.426804126E2,6.505787625E1,2.547351561E1,1.729969784E1,1.539999962E0,8.480000305E1,3.790092468E0,3.694676161E0
3.436797732E2,6.505787697E1,2.547355362E1,1.734248737E1,1.549999952E0,8.550000000E1,3.790092468E0,3.829786539E0
3.446868197E2,6.505787723E1,2.547359286E1,1.795485728E1,1.549999952E0,8.809999847E1,3.790092468E0,3.922804117E0
3.456846089E2,6.505787676E1,2.547363280E1,1.776778907E1,1.549999952E0,9.000000000E1,3.790092468E0,4.052698612E0
3.466890489E2,6.505787555E1,2.547367308E1,1.905081395E1,1.549999952E0,9.190000153E1,3.790092468E0,4.221732616E0
3.476883148E2,6.505787473E1,2.547371255E1,1.842203439E1,1.559999943E0,8.530000305E1,3.790092468E0,3.955596447E0
3.486860463E2,6.505787739E1,2.547374932E1,1.949869757E1,1.559999943E0,7.319999695E1,3.790092468E0,3.927638292E0
3.496824374E2,6.505787963E1,2.547378636E1,1.882121054E1,1.700000048E0,8.890000153E1,3.790092468E0,3.804865122E0
3.506879483E2,6.505787824E1,2.547382333E1,1.944450612E1,1.580000043E0,9.240000153E1,3.790092468E0,3.741747618E0
3.517064700E2,6.505788001E1,2.547385982E1,1.939049333E1,1.639999986E0,7.209999847E1,3.790092468E0,3.948204994E0
3.527005317E2,6.505788041E1,2.547389679E1,1.931353189E1,1.610000014E0,8.680000305E1,3.790092468E0,4.081070423E0
3.536896867E2,6.505788266E1,2.547393238E1,1.928942604E1,1.580000043E0,7.240000153E1,3.790092468E0,4.025646210E0
3.546829663E2,6.505788519E1,2.547396770E1,1.911376977E1,1.590000033E0,8.300000000E1,3.790092468E0,3.996995926E0
3.556958661E2,6.505788522E1,2.547400308E1,1.856177168E1,1.570000052E0,8.669999695E1,3.790092468E0,4.052475929E0
3.566901673E2,6.505788525E1,2.547403916E1,1.949701731E1,1.570000052E0,8.669999695E1,3.790092468E0,4.021687508E0
3.576830730E2,6.505788381E1,2.547407723E1,1.951398978E1,1.559999943E0,8.590000153E1,3.790092468E0,3.904314995E0
3.586831823E2,6.505788207E1,2.547411520E1,1.900160445E1,1.549999952E0,9.000000000E1,3.790092468E0,3.643956900E0
3.596896907E2,6.505787946E1,2.547415138E1,1.865517384E1,1.590000033E0,9.750000000E1,3.790092468E0,3.446395874E0
3.606931138E2,6.505787783E1,2.547418912E1,1.794277624E1,1.559999943E0,9.569999695E1,3.790092468E0,3.528558254E0
3.616920105E2,6.505787621E1,2.547422633E1,1.649160904E1,1.500000000E0,1.020000000E2,3.790092468E0,3.474201679E0
3.626872088E2,6.505787659E1,2.547426537E1,1.609653260E1,1.620000005E0,8.969999695E1,3.790092468E0,3.513547897E0
3.636863658E2,6.505787872E1,2.547430351E1,1.588504915E1,1.580000043E0,8.559999847E1,3.790092468E0,3.785400391E0
3.646917309E2,6.505788043E1,2.547433904E1,1.622184438E1,1.519999981E0,8.569999695E1,3.790092468E0,3.984611988E0
3.656939154E2,6.505788082E1,2.547437334E1,1.640379379E1,1.559999943E0,9.380000305E1,3.790092468E0,4.049818993E0
3.666891228E2,6.505788238E1,2.547440744E1,1.651390435E1,1.590000033E0,8.680000305E1,3.790092468E0,4.025681496E0
3.676941116E2,6.505788411E1,2.547444191E1,1.631670288E1,1.610000014E0,8.719999695E1,3.790092468E0,3.830271482E0
3.686884337E2,6.505788537E1,2.547447664E1,1.595775845E1,1.639999986E0,8.850000000E1,3.790092468E0,3.832566023E0
3.696851755E2,6.505788537E1,2.547450949E1,1.590814046E1,1.559999943E0,9.259999847E1,3.790092468E0,3.680449009E0
3.706879067E2,6.505788569E1,2.547454105E1,1.578448656E1,1.549999952E0,9.130000305E1,3.790092468E0,3.464656591E0
3.716845828E2,6.505788575E1,2.547457515E1,1.634528128E1,1.539999962E0,9.659999847E1,3.790092468E0,3.462427378E0
3.726929686E2,6.505788678E1,2.547461028E1,1.703669098E1,1.559999943E0,9.030000305E1,3.790092468E0,3.643248558E0
3.736875987E2,6.505788668E1,2.547464689E1,1.717701485E1,1.549999952E0,9.830000305E1,3.790092468E0,3.558339119E0
3.746913878E2,6.505788556E1,2.547468444E1,1.704628207E1,1.549999952E0,1.026999969E2,3.790092468E0,3.562232494E0
3.756844878E2,6.505788304E1,2.547472055E1,1.829311313E1,1.549999952E0,1.063000031E2,3.790092468E0,3.408446550E0
3.766882168E2,6.505788105E1,2.547475494E1,1.751711666E1,1.549999952E0,1.030999985E2,3.790092468E0,3.284650564E0
3.776945851E2,6.505788146E1,2.547478823E1,1.773629740E1,1.600000024E0,9.050000000E1,3.790092468E0,3.432359695E0
3.786924360E2,6.505788316E1,2.547481975E1,1.872140762E1,1.549999952E0,9.140000153E1,3.790092468E0,3.077816486E0
3.796895291E2,6.505788400E1,2.547484943E1,1.888553409E1,1.549999952E0,9.419999695E1,3.790092468E0,2.921847820E0
3.806834062E2,6.505788490E1,2.547487973E1,1.913810054E1,1.549999952E0,9.119999695E1,3.790092468E0,3.145234823E0
3.816884236E2,6.505788516E1,2.547491063E1,2.040183673E1,1.490000010E0,9.040000153E1,3.790092468E0,3.214699984E0
3.826776624E2,6.505788417E1,2.547494171E1,2.072422819E1,1.539999962E0,9.109999847E1,3.790092468E0,3.203342438E0
3.836923296E2,6.505788110E1,2.547497221E1,2.047697926E1,1.539999962E0,9.280000305E1,3.790092468E0,3.148575068E0
3.846892430E2,6.505787880E1,2.547500376E1,2.145635369E1,1.539999962E0,8.969999695E1,3.790092468E0,3.264761925E0
3.856897389E2,6.505787765E1,2.547503468E1,2.193633797E1,1.539999962E0,9.400000000E1,3.790092468E0,3.106193542E0
3.866867716E2,6.505787670E1,2.547506496E1,2.281695687E1,1.490000010E0,9.259999847E1,3.790092468E0,2.936664104E0
3.876832839E2,6.505787520E1,2.547509699E1,2.181519092E1,1.509999990E0,1.036999969E2,3.790092468E0,3.062921286E0
3.886878307E2,6.505787250E1,2.547513052E1,2.255353788E1,1.500000000E0,1.079000015E2,3.790092468E0,3.017705441E0
3.896898855E2,6.505787196E1,2.547516525E1,2.213331483E1,1.509999990E0,9.580000305E1,3.790092468E0,2.706487894E0
3.906794287E2,6.505787312E1,2.547520206E1,2.230098199E1,1.539999962E0,9.450000000E1,3.790092468E0,2.885464430E0
3.916837367E2,6.505787292E1,2.547523818E1,2.185756561E1,1.539999962E0,9.930000305E1,3.790092468E0,3.067693710E0
3.926884070E2,6.505787334E1,2.547527110E1,2.198702461E1,1.470000029E0,9.259999847E1,3.790092468E0,2.901282310E0
3.936908916E2,6.505787573E1,2.547530658E1,2.148873658E1,1.529999971E0,8.900000000E1,3.790092468E0,2.861099482E0
3.946810302E2,6.505787814E1,2.547534172E1,2.116799977E1,1.529999971E0,8.990000153E1,3.790092468E0,2.907487869E0
3.956871558E2,6.505787979E1,2.547537590E1,2.142239742E1,1.529999971E0,9.859999847E1,3.790092468E0,3.020807505E0
3.966893461E2,6.505788149E1,2.547540880E1,2.157285204E1,1.480000019E0,9.250000000E1,3.790092468E0,2.945748806E0
3.976884059E2,6.505788774E1,2.547543898E1,2.189340963E1,1.539999962E0,7.350000000E1,3.790092468E0,3.039847612E0
3.986926426E2,6.505789643E1,2.547546724E1,2.202835820E1,1.539999962E0,6.609999847E1,3.790092468E0,3.166051388E0
3.996988016E2,6.505790744E1,2.547549530E1,2.273172628E1,1.539999962E0,5.609999847E1,3.790092468E0,3.282771111E0
4.006884877E2,6.505791787E1,2.547552258E1,2.217667164E1,1.509999990E0,5.759999847E1,3.790092468E0,3.429239988E0
4.016916197E2,6.505792814E1,2.547554822E1,2.199301581E1,1.509999990E0,4.909999847E1,3.790092468E0,3.499731064E0
4.026879633E2,6.505793892E1,2.547557302E1,2.097641292E1,1.549999952E0,3.870000076E1,3.790092468E0,3.407825708E0
4.036910465E2,6.505794972E1,2.547559736E1,2.005203409E1,1.549999952E0,4.300000000E1,3.790092468E0,3.277928829E0
4.046871559E2,6.505795982E1,2.547562049E1,1.987350500E1,1.549999952E0,4.340000153E1,3.790092468E0,3.442068338E0
4.056874287E2,6.505797034E1,2.547564350E1,1.966287125E1,1.549999952E0,3.979999924E1,3.790092468E0,3.375091314E0
4.067000454E2,6.505798187E1,2.547566682E1,1.942507651E1,1.570000052E0,3.029999924E1,3.790092468E0,3.289917707E0
4.076865192E2,6.505799350E1,2.547568914E1,1.988759901E1,1.539999962E0,3.110000038E1,3.790092468E0,3.137107611E0
4.086853385E2,6.505800480E1,2.547571190E1,2.015108604E1,1.539999962E0,3.039999962E1,3.790092468E0,3.129744053E0
4.096985852E2,6.505801689E1,2.547573217E1,1.967623021E1,1.559999943E0,3.500000000E1,3.790092468E0,3.037601233E0
4.106814130E2,6.505802925E1,2.547575191E1,1.980318087E1,1.570000052E0,3.570000076E1,3.790092468E0,3.185551643E0
4.116901251E2,6.505804147E1,2.547576923E1,1.967445504E1,1.539999962E0,3.459999847E1,3.790092468E0,3.265019417E0
4.126872947E2,6.505805332E1,2.547578793E1,1.923487745E1,1.570000052E0,3.720000076E1,3.790092468E0,3.249351263E0
4.136975630E2,6.505806475E1,2.547581049E1,1.859559341E1,1.570000052E0,3.850000000E1,3.790092468E0,3.497414351E0
4.146900171E2,6.505807681E1,2.547583190E1,1.830073040E1,1.559999943E0,3.500000000E1,3.790092468E0,3.317733288E0
4.156860500E2,6.505808979E1,2.547585011E1,1.847418944E1,1.580000043E0,2.560000038E1,3.790092468E0,3.386096478E0
4.166870650E2,6.505810314E1,2.547587014E1,1.795575402E1,1.590000033E0,3.770000076E1,3.790092468E0,3.527947426E0
4.176828537E2,6.505811525E1,2.547589372E1,1.761322277E1,1.519999981E0,4.359999847E1,3.790092468E0,3.190580845E0
4.186829339E2,6.505812688E1,2.547591882E1,1.723809909E1,1.570000052E0,4.120000076E1,3.790092468E0,3.106339216E0
4.196908325E2,6.505814003E1,2.547594093E1,1.723773038E1,1.570000052E0,3.559999847E1,3.790092468E0,3.218621254E0
4.206795981E2,6.505815410E1,2.547595963E1,1.804479503E1,1.580000043E0,2.750000000E1,3.790092468E0,3.133282900E0
4.216832601E2,6.505816753E1,2.547597969E1,1.770824434E1,1.600000024E0,3.529999924E1,3.790092468E0,3.280151129E0
4.226890905E2,6.505817974E1,2.547600286E1,1.787718762E1,1.590000033E0,3.900000000E1,3.790092468E0,3.404700994E0
4.236867720E2,6.505819306E1,2.547602254E1,1.813005345E1,1.580000043E0,2.979999924E1,3.790092468E0,3.346058369E0
4.246925538E2,6.505820666E1,2.547604062E1,1.867686430E1,1.570000052E0,2.739999962E1,3.790092468E0,3.319618464E0
4.256839409E2,6.505822060E1,2.547605721E1,1.812253961E1,1.580000043E0,2.479999924E1,3.790092468E0,3.327262163E0
4.266855925E2,6.505823389E1,2.547607710E1,1.781467549E1,1.470000029E0,3.320000076E1,3.790092468E0,3.091581821E0
4.276902785E2,6.505824636E1,2.547610083E1,1.843009090E1,1.580000043E0,3.679999924E1,3.790092468E0,2.940551758E0
4.286817017E2,6.505825853E1,2.547612254E1,1.833816978E1,1.570000052E0,2.639999962E1,3.790092468E0,2.714220047E0
4.296883539E2,6.505827027E1,2.547614351E1,1.870413448E1,1.590000033E0,3.550000000E1,3.790092468E0,2.660106897E0
4.306925537E2,6.505828071E1,2.547616891E1,1.886581549E1,1.549999952E0,3.379999924E1,3.790092468E0,2.600851297E0
4.316795605E2,6.505829086E1,2.547619534E1,1.924459876E1,1.519999981E0,3.870000076E1,3.790092468E0,2.500000000E0
4.326862875E2,6.505830109E1,2.547621947E1,1.924197307E1,1.509999990E0,4.129999924E1,3.790092468E0,2.500000000E0
4.336822235E2,6.505831168E1,2.547624079E1,1.866463990E1,1.519999981E0,3.709999847E1,3.790092468E0,2.500000000E0
4.346925343E2,6.505832284E1,2.547625944E1,1.871450349E1,1.539999962E0,3.060000038E1,3.790092468E0,2.533195734E0
4.356868570E2,6.505833550E1,2.547627312E1,1.846266920E1,1.509999990E0,2.660000038E1,3.790092468E0,2.519385099E0
4.366919598E2,6.505834880E1,2.547628546E1,1.851301958E1,1.529999971E0,2.839999962E1,3.790092468E0,2.530785561E0
4.376906270E2,6.505836230E1,2.547629477E1,1.903443889E1,1.519999981E0,2.420000076E1,3.790092468E0,2.642660379E0
4.386927136E2,6.505837582E1,2.547630289E1,1.923182242E1,1.500000000E0,2.479999924E1,3.790092468E0,2.570536375E0
4.397002379E2,6.505838857E1,2.547631416E1,1.938147709E1,1.509999990E0,2.870000076E1,3.790092468E0,2.666273594E0
4.406837865E2,6.505840117E1,2.547632439E1,1.976355357E1,1.490000010E0,3.000000000E1,3.790092468E0,2.916524649E0
4.416867834E2,6.505841256E1,2.547633817E1,1.989459331E1,1.470000029E0,3.770000076E1,3.790092468E0,2.942471027E0
4.426796070E2,6.505842281E1,2.547635385E1,2.013476453E1,1.450000048E0,3.060000038E1,3.790092468E0,2.922109842E0
4.436850417E2,6.505843326E1,2.547636779E1,1.978374897E1,1.429999948E0,3.590000153E1,3.790092468E0,2.823496342E0
4.446853207E2,6.505844444E1,2.547638367E1,1.981554585E1,1.440000057E0,3.490000153E1,3.790092468E0,2.550798416E0
4.456921019E2,6.505845542E1,2.547640292E1,1.982610293E1,1.440000057E0,3.859999847E1,3.790092468E0,2.504860640E0
4.466885881E2,6.505846612E1,2.547642254E1,2.006560304E1,1.450000048E0,3.820000076E1,3.790092468E0,2.623191118E0
4.476903388E2,6.505847704E1,2.547644264E1,2.088396054E1,1.460000038E0,3.640000153E1,3.790092468E0,2.744007826E0
4.486918295E2,6.505848796E1,2.547646034E1,2.000926357E1,1.320000052E0,3.509999847E1,3.790092468E0,2.500000000E0
4.496946718E2,6.505850085E1,2.547647121E1,2.006120086E1,1.519999981E0,1.620000076E1,3.790092468E0,2.500000000E0
4.506870493E2,6.505851397E1,2.547648096E1,1.951041578E1,1.429999948E0,2.329999924E1,3.790092468E0,2.500000000E0
4.516890743E2,6.505852772E1,2.547649316E1,1.914090514E1,1.559999943E0,2.479999924E1,3.790092468E0,2.500000000E0
4.526912124E2,6.505854038E1,2.547650827E1,1.949783566E1,1.409999967E0,2.939999962E1,3.790092468E0,2.500000000E0
4.536873350E2,6.505855216E1,2.547652729E1,1.950961312E1,1.360000014E0,3.470000076E1,3.790092468E0,2.500000000E0
4.546885410E2,6.505856437E1,2.547654449E1,1.943258408E1,1.429999948E0,3.100000000E1,3.790092468E0,2.500000000E0
4.556906220E2,6.505857536E1,2.547656664E1,1.952144959E1,1.460000038E0,4.379999924E1,3.790092468E0,2.500000000E0
4.566875420E2,6.505858661E1,2.547658820E1,1.979512940E1,1.490000010E0,3.790000153E1,3.790092468E0,2.500000000E0
4.576882418E2,6.505859603E1,2.547661316E1,1.908376387E1,1.509999990E0,4.909999847E1,3.790092468E0,2.500000000E0
4.586918210E2,6.505860480E1,2.547663846E1,1.880666376E1,1.490000010E0,4.359999847E1,3.790092468E0,2.595383406E0
4.596897434E2,6.505861403E1,2.547666066E1,1.836519547E1,1.450000048E0,4.120000076E1,3.790092468E0,2.506509542E0
4.606802791E2,6.505862301E1,2.547668237E1,1.795363444E1,1.500000000E0,3.820000076E1,3.790092468E0,2.500000000E0
4.616795576E2,6.505863276E1,2.547670518E1,1.765950488E1,1.590000033E0,4.009999847E1,3.790092468E0,2.500000000E0
4.626977052E2,6.505864182E1,2.547672866E1,1.793245330E1,1.539999962E0,4.490000153E1,3.790092468E0,2.500000000E0
4.636835772E2,6.505865025E1,2.547675483E1,1.807387148E1,1.629999995E0,4.800000000E1,3.790092468E0,2.500000000E0
4.646866225E2,6.505865870E1,2.547677983E1,1.798488181E1,1.539999962E0,4.750000000E1,3.790092468E0,2.500000000E0
4.656904679E2,6.505866682E1,2.547680613E1,1.792750862E1,1.649999976E0,5.190000153E1,3.790092468E0,2.500000000E0
4.666908702E2,6.505867526E1,2.547683050E1,1.763026694E1,1.600000024E0,4.950000000E1,3.790092468E0,2.500000000E0
4.676897158E2,6.505868355E1,2.547685377E1,1.739583037E1,1.590000033E0,5.059999847E1,3.790092468E0,2.500000000E0
4.686821385E2,6.505869123E1,2.547687806E1,1.710371591E1,1.600000024E0,5.629999924E1,3.790092468E0,2.500000000E0
4.696852628E2,6.505869895E1,2.547690257E1,1.711799795E1,1.629999995E0,5.450000000E1,3.790092468E0,2.500000000E0
4.706820524E2,6.505870658E1,2.547692814E1,1.707759264E1,1.629999995E0,5.620000076E1,3.790092468E0,2.500000000E0
4.716901878E2,6.505871420E1,2.547695325E1,1.694844216E1,1.629999995E0,5.470000076E1,3.790092468E0,2.500000000E0
4.726816838E2,6.505872194E1,2.547697692E1,1.690254344E1,1.529999971E0,5.400000000E1,3.790092468E0,2.500000000E0
4.736848486E2,6.505873053E1,2.547699896E1,1.689869744E1,1.539999962E0,4.659999847E1,3.790092468E0,2.500000000E0
4.746829787E2,6.505873957E1,2.547702120E1,1.714009055E1,1.440000057E0,4.829999924E1,3.790092468E0,2.500000000E0
4.756929487E2,6.505874923E1,2.547704398E1,1.717341464E1,1.490000010E0,4.740000153E1,3.790092468E0,2.500000000E0
4.766851747E2,6.505876002E1,2.547706567E1,1.779987784E1,1.450000048E0,4.529999924E1,3.790092468E0,2.500000000E0
4.776781511E2,6.505877094E1,2.547708422E1,1.808686311E1,1.470000029E0,4.100000000E1,3.790092468E0,2.500000000E0
4.786865567E2,6.505878178E1,2.547710307E1,1.764325762E1,1.450000048E0,4.409999847E1,3.790092468E0,2.500000000E0
4.796814262E2,6.505879298E1,2.547712001E1,1.779944427E1,1.500000000E0,3.920000076E1,3.790092468E0,2.500000000E0
4.806882945E2,6.505880346E1,2.547713834E1,1.750232323E1,1.529999971E0,3.920000076E1,3.790092468E0,2.500000000E0
4.816884125E2,6.505881397E1,2.547715712E1,1.742889608E1,1.480000019E0,3.979999924E1,3.790092468E0,2.500000000E0
4.826824837E2,6.505882439E1,2.547717657E1,1.734313994E1,1.600000024E0,3.890000153E1,3.790092468E0,2.500000000E0
4.836831265E2,6.505883455E1,2.547719713E1,1.706762571E1,1.549999952E0,4.059999847E1,3.790092468E0,2.500000000E0
4.846831655E2,6.505884526E1,2.547721543E1,1.668932783E1,1.580000043E0,3.529999924E1,3.790092468E0,2.500000000E0
4.856872701E2,6.505885513E1,2.547723468E1,1.666833017E1,1.460000038E0,4.690000153E1,3.790092468E0,2.500000000E0
4.866867016E2,6.505886373E1,2.547725617E1,1.667156419E1,1.470000029E0,5.000000000E1,3.790092468E0,2.500000000E0
